PRAGMA foreign_keys=OFF;
BEGIN TRANSACTION;
CREATE TABLE IF NOT EXISTS "django_migrations" ("id" integer NOT NULL PRIMARY KEY AUTOINCREMENT, "app" varchar(255) NOT NULL, "name" varchar(255) NOT NULL, "applied" datetime NOT NULL);
INSERT INTO django_migrations VALUES(1,'contenttypes','0001_initial','2022-09-09 01:26:27.720213');
INSERT INTO django_migrations VALUES(2,'auth','0001_initial','2022-09-09 01:26:27.737133');
INSERT INTO django_migrations VALUES(3,'admin','0001_initial','2022-09-09 01:26:27.747235');
INSERT INTO django_migrations VALUES(4,'admin','0002_logentry_remove_auto_add','2022-09-09 01:26:27.759613');
INSERT INTO django_migrations VALUES(5,'admin','0003_logentry_add_action_flag_choices','2022-09-09 01:26:27.767602');
INSERT INTO django_migrations VALUES(6,'animal_rescue_api','0001_initial','2022-09-09 01:26:27.772391');
INSERT INTO django_migrations VALUES(7,'contenttypes','0002_remove_content_type_name','2022-09-09 01:26:27.794473');
INSERT INTO django_migrations VALUES(8,'auth','0002_alter_permission_name_max_length','2022-09-09 01:26:27.805937');
INSERT INTO django_migrations VALUES(9,'auth','0003_alter_user_email_max_length','2022-09-09 01:26:27.816807');
INSERT INTO django_migrations VALUES(10,'auth','0004_alter_user_username_opts','2022-09-09 01:26:27.824813');
INSERT INTO django_migrations VALUES(11,'auth','0005_alter_user_last_login_null','2022-09-09 01:26:27.836248');
INSERT INTO django_migrations VALUES(12,'auth','0006_require_contenttypes_0002','2022-09-09 01:26:27.838484');
INSERT INTO django_migrations VALUES(13,'auth','0007_alter_validators_add_error_messages','2022-09-09 01:26:27.846451');
INSERT INTO django_migrations VALUES(14,'auth','0008_alter_user_username_max_length','2022-09-09 01:26:27.857824');
INSERT INTO django_migrations VALUES(15,'auth','0009_alter_user_last_name_max_length','2022-09-09 01:26:27.870331');
INSERT INTO django_migrations VALUES(16,'auth','0010_alter_group_name_max_length','2022-09-09 01:26:27.881140');
INSERT INTO django_migrations VALUES(17,'auth','0011_update_proxy_permissions','2022-09-09 01:26:27.889481');
INSERT INTO django_migrations VALUES(18,'auth','0012_alter_user_first_name_max_length','2022-09-09 01:26:27.900794');
INSERT INTO django_migrations VALUES(19,'sessions','0001_initial','2022-09-09 01:26:27.905549');
INSERT INTO django_migrations VALUES(20,'animal_rescue_api','0002_animal_image','2022-09-09 18:19:31.001216');
INSERT INTO django_migrations VALUES(21,'animal_rescue_api','0003_rename_neutred_animal_neutered_and_more','2023-11-28 23:12:13.183953');
CREATE TABLE IF NOT EXISTS "auth_group_permissions" ("id" integer NOT NULL PRIMARY KEY AUTOINCREMENT, "group_id" integer NOT NULL REFERENCES "auth_group" ("id") DEFERRABLE INITIALLY DEFERRED, "permission_id" integer NOT NULL REFERENCES "auth_permission" ("id") DEFERRABLE INITIALLY DEFERRED);
CREATE TABLE IF NOT EXISTS "auth_user_groups" ("id" integer NOT NULL PRIMARY KEY AUTOINCREMENT, "user_id" integer NOT NULL REFERENCES "auth_user" ("id") DEFERRABLE INITIALLY DEFERRED, "group_id" integer NOT NULL REFERENCES "auth_group" ("id") DEFERRABLE INITIALLY DEFERRED);
CREATE TABLE IF NOT EXISTS "auth_user_user_permissions" ("id" integer NOT NULL PRIMARY KEY AUTOINCREMENT, "user_id" integer NOT NULL REFERENCES "auth_user" ("id") DEFERRABLE INITIALLY DEFERRED, "permission_id" integer NOT NULL REFERENCES "auth_permission" ("id") DEFERRABLE INITIALLY DEFERRED);
CREATE TABLE IF NOT EXISTS "django_admin_log" ("id" integer NOT NULL PRIMARY KEY AUTOINCREMENT, "object_id" text NULL, "object_repr" varchar(200) NOT NULL, "action_flag" smallint unsigned NOT NULL CHECK ("action_flag" >= 0), "change_message" text NOT NULL, "content_type_id" integer NULL REFERENCES "django_content_type" ("id") DEFERRABLE INITIALLY DEFERRED, "user_id" integer NOT NULL REFERENCES "auth_user" ("id") DEFERRABLE INITIALLY DEFERRED, "action_time" datetime NOT NULL);
INSERT INTO django_admin_log VALUES(1,'1','chrisv',2,'[{"changed": {"fields": ["First name"]}}]',4,1,'2022-12-01 18:53:48.229866');
CREATE TABLE IF NOT EXISTS "django_content_type" ("id" integer NOT NULL PRIMARY KEY AUTOINCREMENT, "app_label" varchar(100) NOT NULL, "model" varchar(100) NOT NULL);
INSERT INTO django_content_type VALUES(1,'admin','logentry');
INSERT INTO django_content_type VALUES(2,'auth','permission');
INSERT INTO django_content_type VALUES(3,'auth','group');
INSERT INTO django_content_type VALUES(4,'auth','user');
INSERT INTO django_content_type VALUES(5,'contenttypes','contenttype');
INSERT INTO django_content_type VALUES(6,'sessions','session');
INSERT INTO django_content_type VALUES(7,'animal_rescue_api','animal');
CREATE TABLE IF NOT EXISTS "auth_permission" ("id" integer NOT NULL PRIMARY KEY AUTOINCREMENT, "content_type_id" integer NOT NULL REFERENCES "django_content_type" ("id") DEFERRABLE INITIALLY DEFERRED, "codename" varchar(100) NOT NULL, "name" varchar(255) NOT NULL);
INSERT INTO auth_permission VALUES(1,1,'add_logentry','Can add log entry');
INSERT INTO auth_permission VALUES(2,1,'change_logentry','Can change log entry');
INSERT INTO auth_permission VALUES(3,1,'delete_logentry','Can delete log entry');
INSERT INTO auth_permission VALUES(4,1,'view_logentry','Can view log entry');
INSERT INTO auth_permission VALUES(5,2,'add_permission','Can add permission');
INSERT INTO auth_permission VALUES(6,2,'change_permission','Can change permission');
INSERT INTO auth_permission VALUES(7,2,'delete_permission','Can delete permission');
INSERT INTO auth_permission VALUES(8,2,'view_permission','Can view permission');
INSERT INTO auth_permission VALUES(9,3,'add_group','Can add group');
INSERT INTO auth_permission VALUES(10,3,'change_group','Can change group');
INSERT INTO auth_permission VALUES(11,3,'delete_group','Can delete group');
INSERT INTO auth_permission VALUES(12,3,'view_group','Can view group');
INSERT INTO auth_permission VALUES(13,4,'add_user','Can add user');
INSERT INTO auth_permission VALUES(14,4,'change_user','Can change user');
INSERT INTO auth_permission VALUES(15,4,'delete_user','Can delete user');
INSERT INTO auth_permission VALUES(16,4,'view_user','Can view user');
INSERT INTO auth_permission VALUES(17,5,'add_contenttype','Can add content type');
INSERT INTO auth_permission VALUES(18,5,'change_contenttype','Can change content type');
INSERT INTO auth_permission VALUES(19,5,'delete_contenttype','Can delete content type');
INSERT INTO auth_permission VALUES(20,5,'view_contenttype','Can view content type');
INSERT INTO auth_permission VALUES(21,6,'add_session','Can add session');
INSERT INTO auth_permission VALUES(22,6,'change_session','Can change session');
INSERT INTO auth_permission VALUES(23,6,'delete_session','Can delete session');
INSERT INTO auth_permission VALUES(24,6,'view_session','Can view session');
INSERT INTO auth_permission VALUES(25,7,'add_animal','Can add animal');
INSERT INTO auth_permission VALUES(26,7,'change_animal','Can change animal');
INSERT INTO auth_permission VALUES(27,7,'delete_animal','Can delete animal');
INSERT INTO auth_permission VALUES(28,7,'view_animal','Can view animal');
CREATE TABLE IF NOT EXISTS "auth_group" ("id" integer NOT NULL PRIMARY KEY AUTOINCREMENT, "name" varchar(150) NOT NULL UNIQUE);
CREATE TABLE IF NOT EXISTS "auth_user" ("id" integer NOT NULL PRIMARY KEY AUTOINCREMENT, "password" varchar(128) NOT NULL, "last_login" datetime NULL, "is_superuser" bool NOT NULL, "username" varchar(150) NOT NULL UNIQUE, "last_name" varchar(150) NOT NULL, "email" varchar(254) NOT NULL, "is_staff" bool NOT NULL, "is_active" bool NOT NULL, "date_joined" datetime NOT NULL, "first_name" varchar(150) NOT NULL);
INSERT INTO auth_user VALUES(1,'pbkdf2_sha256$390000$5H7FS68q8y12aNFIWVm7xC$Mgr98Fcua6bZoFW0wAjb/mt4N1cQIrsB0QbbPAl6sf8=','2022-12-01 18:52:40',1,'chrisv','','123@gmail.com',1,1,'2022-12-01 18:52:30','admin');
INSERT INTO auth_user VALUES(2,'pbkdf2_sha256$390000$vBH9ekhux6zPSMHBOPWKyB$Cq7KIhf+naYc591BJBl3ENKCIjtGIS3DKPEO6gScw4w=',NULL,1,'testUser','','testUser@fakemail.com',1,1,'2023-05-11 16:40:16.387387','');
CREATE TABLE IF NOT EXISTS "django_session" ("session_key" varchar(40) NOT NULL PRIMARY KEY, "session_data" text NOT NULL, "expire_date" datetime NOT NULL);
INSERT INTO django_session VALUES('j4wwpmwwdmi2ii0j5pdxf4j4jftnuiwc','.eJxVjEEOwiAQRe_C2pAWSmFcuu8ZyAwDUjWQlHZlvLtt0oVu_3vvv4XHbc1-a3HxM4ur6MXldyMMz1gOwA8s9ypDLesykzwUedImp8rxdTvdv4OMLe91pzVzco6pt4NT1LE12oxACBjiqBQyUNotSwxAGgMk5QZGzQZTYvH5AuzBOMg:1p0ofo:DtDycJfdUDw65WOCANOewW25UzDyQnM7mzKUn48Dp0o','2022-12-15 18:52:40.683777');
CREATE TABLE IF NOT EXISTS "animal_rescue_api_animal" ("id" integer NOT NULL PRIMARY KEY AUTOINCREMENT, "animal_type" varchar(10) NOT NULL, "name" varchar(100) NOT NULL, "sex" varchar(100) NOT NULL, "breed" varchar(100) NOT NULL, "neutered" bool NOT NULL, "date_added" datetime NOT NULL, "age" integer NULL, "weight" varchar(20) NOT NULL, "adoption_status" varchar(10) NOT NULL, "temperament" varchar(100) NOT NULL, "likes" varchar(100) NOT NULL, "fee" varchar(20) NOT NULL, "location" varchar(100) NOT NULL, "image" varchar(100) NOT NULL);
INSERT INTO animal_rescue_api_animal VALUES(1,'Bear','Teddy','Male','Black Bear',0,'2022-09-09 18:22:43.596807',5,'200 lbs','ADOPTED','Mild','Honey, Photographers','5$','Alaska','profile_images/teddy.JPG');
INSERT INTO animal_rescue_api_animal VALUES(3,'Dog','Phoebe','Female','Moo',0,'2022-12-02 18:58:52.873670',2,'80','AVAILABLE','Mild','pets,boops','100$','California','profile_images/Phoebe.jpg');
INSERT INTO animal_rescue_api_animal VALUES(4,'Rodent','Billy','Male','Marmot',0,'2022-12-02 23:56:38.206979',100,'50','AVAILABLE','Crazy','Shred Metal, Sweet Corn','700$','Canada','profile_images/billy.JPG');
INSERT INTO animal_rescue_api_animal VALUES(5,'Dog','Rick','Male','Golden Retriever',0,'2022-12-02 23:58:54.186765',1,'60','ADOPTED','Super Chill','Rally Cars, Wearing Shades','1,000,000$','California','profile_images/rick.jpg');
INSERT INTO animal_rescue_api_animal VALUES(6,'Dog','Wiley','Female','Coyote',0,'2022-12-03 00:06:28.361109',1,'30','AVAILABLE','outdoorsy','rodents, wind','800$','Point Reyes','profile_images/Wiley.jpg');
DELETE FROM sqlite_sequence;
INSERT INTO sqlite_sequence VALUES('django_migrations',21);
INSERT INTO sqlite_sequence VALUES('django_admin_log',1);
INSERT INTO sqlite_sequence VALUES('django_content_type',7);
INSERT INTO sqlite_sequence VALUES('auth_permission',28);
INSERT INTO sqlite_sequence VALUES('auth_group',0);
INSERT INTO sqlite_sequence VALUES('auth_user',2);
INSERT INTO sqlite_sequence VALUES('animal_rescue_api_animal',7);
CREATE UNIQUE INDEX "auth_group_permissions_group_id_permission_id_0cd325b0_uniq" ON "auth_group_permissions" ("group_id", "permission_id");
CREATE INDEX "auth_group_permissions_group_id_b120cbf9" ON "auth_group_permissions" ("group_id");
CREATE INDEX "auth_group_permissions_permission_id_84c5c92e" ON "auth_group_permissions" ("permission_id");
CREATE UNIQUE INDEX "auth_user_groups_user_id_group_id_94350c0c_uniq" ON "auth_user_groups" ("user_id", "group_id");
CREATE INDEX "auth_user_groups_user_id_6a12ed8b" ON "auth_user_groups" ("user_id");
CREATE INDEX "auth_user_groups_group_id_97559544" ON "auth_user_groups" ("group_id");
CREATE UNIQUE INDEX "auth_user_user_permissions_user_id_permission_id_14a6b632_uniq" ON "auth_user_user_permissions" ("user_id", "permission_id");
CREATE INDEX "auth_user_user_permissions_user_id_a95ead1b" ON "auth_user_user_permissions" ("user_id");
CREATE INDEX "auth_user_user_permissions_permission_id_1fbb5f2c" ON "auth_user_user_permissions" ("permission_id");
CREATE INDEX "django_admin_log_content_type_id_c4bce8eb" ON "django_admin_log" ("content_type_id");
CREATE INDEX "django_admin_log_user_id_c564eba6" ON "django_admin_log" ("user_id");
CREATE UNIQUE INDEX "django_content_type_app_label_model_76bd3d3b_uniq" ON "django_content_type" ("app_label", "model");
CREATE UNIQUE INDEX "auth_permission_content_type_id_codename_01ab375a_uniq" ON "auth_permission" ("content_type_id", "codename");
CREATE INDEX "auth_permission_content_type_id_2f476e4b" ON "auth_permission" ("content_type_id");
CREATE INDEX "django_session_expire_date_a5c62663" ON "django_session" ("expire_date");
COMMIT;
